method,tie_mode,ndcg@10,hit@10
pop_count,hash,0.5904653925774852,0.7122
pop_count,stable,0.59048725030301,0.7122
raw_count,hash,0.233234427725839,0.4358
raw_count,stable,0.8379994706637517,0.939
centered_count,hash,0.2340918413743282,0.4358
centered_count,stable,0.8406188962928598,0.9451
po_user,hash,0.2340918413743282,0.4358
po_user,stable,0.8406188962928598,0.9451
sre,hash,0.22770306749895358,0.4259
sre,stable,0.8427480514255894,0.9501
po_group,hash,0.22770306749895358,0.4259
po_group,stable,0.8427480514255894,0.9501
ips,hash,0.23336392235512063,0.4359
ips,stable,0.8374256891156127,0.9388
