dataset,score,metric,policy,value
amazon,raw_count,NDCG@10,randomized_mean_100,0.16942719461148026
amazon,raw_count,Hit@10,randomized_mean_100,0.3509630000000001
amazon,raw_count,MRR,randomized_mean_100,0.14924866178079005
amazon,raw_count,NDCG@10,stable_positive_first,0.847419307899178
amazon,raw_count,Hit@10,stable_positive_first,0.9996666666666667
amazon,raw_count,MRR,stable_positive_first,0.7989632383357383
amazon,raw_count,NDCG@10,archived_float32,0.17023696678473144
amazon,raw_count,Hit@10,archived_float32,0.35263333333333335
amazon,raw_count,MRR,archived_float32,0.14992103378458413
amazon,raw_count,NDCG@10,hardened_uint64,0.17023696678473144
amazon,raw_count,Hit@10,hardened_uint64,0.35263333333333335
amazon,raw_count,MRR,hardened_uint64,0.14992103378458413
amazon,raw_count,NDCG@10,analytic_uniform_tie_expectation,0.16930035129969778
amazon,raw_count,Hit@10,analytic_uniform_tie_expectation,0.35059345203489184
amazon,raw_count,MRR,analytic_uniform_tie_expectation,0.14920246425315314
amazon,centered_count,NDCG@10,randomized_mean_100,0.161522956857627
amazon,centered_count,Hit@10,randomized_mean_100,0.33286166666666667
amazon,centered_count,MRR,randomized_mean_100,0.14432065247041514
amazon,centered_count,NDCG@10,stable_positive_first,0.7103487093153258
amazon,centered_count,Hit@10,stable_positive_first,0.8499
amazon,centered_count,MRR,stable_positive_first,0.6711642233710027
amazon,centered_count,NDCG@10,archived_float32,0.1626593837179735
amazon,centered_count,Hit@10,archived_float32,0.3356
amazon,centered_count,MRR,archived_float32,0.14500201205777574
amazon,centered_count,NDCG@10,hardened_uint64,0.1626593837179735
amazon,centered_count,Hit@10,hardened_uint64,0.3356
amazon,centered_count,MRR,hardened_uint64,0.14500201205777574
amazon,centered_count,NDCG@10,analytic_uniform_tie_expectation,0.1614247706813665
amazon,centered_count,Hit@10,analytic_uniform_tie_expectation,0.3325528682948562
amazon,centered_count,MRR,analytic_uniform_tie_expectation,0.14429488547033678
amazon,residualized_group_control,NDCG@10,randomized_mean_100,0.1685112576206111
amazon,residualized_group_control,Hit@10,randomized_mean_100,0.3515673333333333
amazon,residualized_group_control,MRR,randomized_mean_100,0.1470801117713692
amazon,residualized_group_control,NDCG@10,stable_positive_first,0.16888403958295492
amazon,residualized_group_control,Hit@10,stable_positive_first,0.35186666666666666
amazon,residualized_group_control,MRR,stable_positive_first,0.1474590840435419
amazon,residualized_group_control,NDCG@10,archived_float32,0.1685051850272548
amazon,residualized_group_control,Hit@10,archived_float32,0.3515666666666667
amazon,residualized_group_control,MRR,archived_float32,0.14706932008823043
amazon,residualized_group_control,NDCG@10,hardened_uint64,0.1685051850272548
amazon,residualized_group_control,Hit@10,hardened_uint64,0.3515666666666667
amazon,residualized_group_control,MRR,hardened_uint64,0.14706932008823043
amazon,residualized_group_control,NDCG@10,analytic_uniform_tie_expectation,0.16851088081614302
amazon,residualized_group_control,Hit@10,analytic_uniform_tie_expectation,0.35157311827956983
amazon,residualized_group_control,MRR,analytic_uniform_tie_expectation,0.14707773990149314
amazon,item_residual_only,NDCG@10,randomized_mean_100,0.17872480451283168
amazon,item_residual_only,Hit@10,randomized_mean_100,0.3762876666666667
amazon,item_residual_only,MRR,randomized_mean_100,0.1523499246790715
amazon,item_residual_only,NDCG@10,stable_positive_first,0.2200889409080762
amazon,item_residual_only,Hit@10,stable_positive_first,0.4090666666666667
amazon,item_residual_only,MRR,stable_positive_first,0.1945385304505267
amazon,item_residual_only,NDCG@10,archived_float32,0.17850688678551008
amazon,item_residual_only,Hit@10,archived_float32,0.37633333333333335
amazon,item_residual_only,MRR,archived_float32,0.1520849093392429
amazon,item_residual_only,NDCG@10,hardened_uint64,0.17850688678551008
amazon,item_residual_only,Hit@10,hardened_uint64,0.37633333333333335
amazon,item_residual_only,MRR,hardened_uint64,0.1520849093392429
amazon,item_residual_only,NDCG@10,analytic_uniform_tie_expectation,0.17869741277573054
amazon,item_residual_only,Hit@10,analytic_uniform_tie_expectation,0.37621182795698926
amazon,item_residual_only,MRR,analytic_uniform_tie_expectation,0.15233904186445374
amazon,po_factor,NDCG@10,randomized_mean_100,0.16617617472025895
amazon,po_factor,Hit@10,randomized_mean_100,0.3466673333333333
amazon,po_factor,MRR,randomized_mean_100,0.145755710005876
amazon,po_factor,NDCG@10,stable_positive_first,0.16654768575283413
amazon,po_factor,Hit@10,stable_positive_first,0.34696666666666665
amazon,po_factor,MRR,stable_positive_first,0.1461331806161304
amazon,po_factor,NDCG@10,archived_float32,0.16616883119713402
amazon,po_factor,Hit@10,archived_float32,0.3466666666666667
amazon,po_factor,MRR,archived_float32,0.1457434166608189
amazon,po_factor,NDCG@10,hardened_uint64,0.16616883119713402
amazon,po_factor,Hit@10,hardened_uint64,0.3466666666666667
amazon,po_factor,MRR,hardened_uint64,0.1457434166608189
amazon,po_factor,NDCG@10,analytic_uniform_tie_expectation,0.16617568237672098
amazon,po_factor,Hit@10,analytic_uniform_tie_expectation,0.3466731182795698
amazon,po_factor,MRR,analytic_uniform_tie_expectation,0.14575320162128008
amazon,po_user,NDCG@10,randomized_mean_100,0.16800753629919082
amazon,po_user,Hit@10,randomized_mean_100,0.35113400000000006
amazon,po_user,MRR,randomized_mean_100,0.14660934939938527
amazon,po_user,NDCG@10,stable_positive_first,0.16838031826153468
amazon,po_user,Hit@10,stable_positive_first,0.3514333333333333
amazon,po_user,MRR,stable_positive_first,0.14698838556044688
amazon,po_user,NDCG@10,archived_float32,0.16800146370583458
amazon,po_user,Hit@10,archived_float32,0.35113333333333335
amazon,po_user,MRR,archived_float32,0.14659862160513537
amazon,po_user,NDCG@10,hardened_uint64,0.16800146370583458
amazon,po_user,Hit@10,hardened_uint64,0.35113333333333335
amazon,po_user,MRR,hardened_uint64,0.14659862160513537
amazon,po_user,NDCG@10,analytic_uniform_tie_expectation,0.16800715949472278
amazon,po_user,Hit@10,analytic_uniform_tie_expectation,0.3511397849462365
amazon,po_user,MRR,analytic_uniform_tie_expectation,0.14660697197395364
