dataset,score,metric,stable_positive_first,archived_float32,hardened_uint64,analytic_uniform_tie_expectation,randomized_mean_100,randomized_sd_100,randomized_se_100,randomized_min_100,randomized_max_100,randomized_minus_analytic,hardened_minus_analytic,archived_minus_hardened
amazon,raw_count,NDCG@10,0.847419307899178,0.17023696678473144,0.17023696678473144,0.16930035129969778,0.16942719461148026,0.00116031048339268,0.000116031048339268,0.16643625442918486,0.17198064886701844,0.00012684331178247632,0.0009366154850336539,0.0
amazon,raw_count,Hit@10,0.9996666666666667,0.35263333333333335,0.35263333333333335,0.35059345203489184,0.3509630000000001,0.00251518349945182,0.000251518349945182,0.34326666666666666,0.3579,0.00036954796510824117,0.002039881298441515,0.0
amazon,raw_count,MRR,0.7989632383357383,0.14992103378458413,0.14992103378458413,0.14920246425315314,0.14924866178079005,0.0008796629162238146,8.796629162238147e-05,0.14727286053285998,0.1510843991661706,4.619752763690421e-05,0.0007185695314309848,0.0
amazon,centered_count,NDCG@10,0.7103487093153258,0.1626593837179735,0.1626593837179735,0.1614247706813665,0.161522956857627,0.0010614782092745348,0.00010614782092745348,0.1587395095810162,0.16370659570267052,9.81861762605063e-05,0.0012346130366070185,0.0
amazon,centered_count,Hit@10,0.8499,0.3356,0.3356,0.3325528682948562,0.33286166666666667,0.0023081876177129547,0.00023081876177129547,0.32503333333333334,0.33766666666666667,0.0003087983718104703,0.003047131705143813,0.0
amazon,centered_count,MRR,0.6711642233710027,0.14500201205777574,0.14500201205777574,0.14429488547033678,0.14432065247041514,0.0008215920490883045,8.215920490883045e-05,0.14254041720461028,0.14605515220584686,2.5767000078363855e-05,0.000707126587438961,0.0
amazon,residualized_group_control,NDCG@10,0.16888403958295492,0.1685051850272548,0.1685051850272548,0.16851088081614302,0.1685112576206111,2.866278169607262e-05,2.866278169607262e-06,0.16845406547629377,0.16862214443523352,3.768044680718674e-07,-5.695788888204767e-06,0.0
amazon,residualized_group_control,Hit@10,0.35186666666666666,0.3515666666666667,0.3515666666666667,0.35157311827956983,0.3515673333333333,5.102320063822414e-05,5.102320063822415e-06,0.35146666666666665,0.3517,-5.784946236542243e-06,-6.451612903135562e-06,0.0
amazon,residualized_group_control,MRR,0.1474590840435419,0.14706932008823043,0.14706932008823043,0.14707773990149314,0.1470801117713692,2.3548057112987444e-05,2.3548057112987442e-06,0.14704039554275283,0.14717614908277155,2.3718698760610835e-06,-8.41981326271668e-06,0.0
amazon,item_residual_only,NDCG@10,0.2200889409080762,0.17850688678551008,0.17850688678551008,0.17869741277573054,0.17872480451283168,0.00030334988549496686,3.0334988549496687e-05,0.17771454727121205,0.1794523759393099,2.739173710114562e-05,-0.00019052599022045813,0.0
amazon,item_residual_only,Hit@10,0.4090666666666667,0.37633333333333335,0.37633333333333335,0.37621182795698926,0.3762876666666667,0.0005852020093050979,5.852020093050979e-05,0.3744,0.3777333333333333,7.583870967742268e-05,0.00012150537634408876,0.0
amazon,item_residual_only,MRR,0.1945385304505267,0.1520849093392429,0.1520849093392429,0.15233904186445374,0.1523499246790715,0.00023366532335671286,2.3366532335671285e-05,0.15166025595523003,0.15290285489990904,1.0882814617751979e-05,-0.0002541325252108373,0.0
amazon,po_factor,NDCG@10,0.16654768575283413,0.16616883119713402,0.16616883119713402,0.16617568237672098,0.16617617472025895,2.8478229158147045e-05,2.8478229158147045e-06,0.16612002242757054,0.16628810138651035,4.923435379666774e-07,-6.851179586958578e-06,0.0
amazon,po_factor,Hit@10,0.34696666666666665,0.3466666666666667,0.3466666666666667,0.3466731182795698,0.3466673333333333,5.1023200638204085e-05,5.102320063820409e-06,0.3465666666666667,0.3468,-5.784946236486732e-06,-6.451612903135562e-06,0.0
amazon,po_factor,MRR,0.1461331806161304,0.1457434166608189,0.1457434166608189,0.14575320162128008,0.145755710005876,2.343336694258892e-05,2.3433366942588922e-06,0.1457172224097383,0.14585297594975696,2.5083845959228412e-06,-9.78496046119548e-06,0.0
amazon,po_user,NDCG@10,0.16838031826153468,0.16800146370583458,0.16800146370583458,0.16800715949472278,0.16800753629919082,2.866278169607112e-05,2.866278169607112e-06,0.16795034415487356,0.16811842311381334,3.7680446804411183e-07,-5.695788888204767e-06,0.0
amazon,po_user,Hit@10,0.3514333333333333,0.35113333333333335,0.35113333333333335,0.3511397849462365,0.35113400000000006,5.1023200638207406e-05,5.102320063820741e-06,0.3510333333333333,0.35126666666666667,-5.784946236431221e-06,-6.451612903135562e-06,0.0
amazon,po_user,MRR,0.14698838556044688,0.14659862160513537,0.14659862160513537,0.14660697197395364,0.14660934939938527,2.354973801936157e-05,2.354973801936157e-06,0.1465695581707689,0.1467054505996765,2.3774254316322185e-06,-8.35036881827178e-06,0.0
