dataset,score,metric,mean,sd,se,min,max
amazon,raw_count,NDCG@10,0.16942719461148026,0.00116031048339268,0.000116031048339268,0.16643625442918486,0.17198064886701844
amazon,raw_count,Hit@10,0.3509630000000001,0.00251518349945182,0.000251518349945182,0.34326666666666666,0.3579
amazon,raw_count,MRR,0.14924866178079005,0.0008796629162238146,8.796629162238147e-05,0.14727286053285998,0.1510843991661706
amazon,centered_count,NDCG@10,0.161522956857627,0.0010614782092745348,0.00010614782092745348,0.1587395095810162,0.16370659570267052
amazon,centered_count,Hit@10,0.33286166666666667,0.0023081876177129547,0.00023081876177129547,0.32503333333333334,0.33766666666666667
amazon,centered_count,MRR,0.14432065247041514,0.0008215920490883045,8.215920490883045e-05,0.14254041720461028,0.14605515220584686
amazon,residualized_group_control,NDCG@10,0.1685112576206111,2.866278169607262e-05,2.866278169607262e-06,0.16845406547629377,0.16862214443523352
amazon,residualized_group_control,Hit@10,0.3515673333333333,5.102320063822414e-05,5.102320063822415e-06,0.35146666666666665,0.3517
amazon,residualized_group_control,MRR,0.1470801117713692,2.3548057112987444e-05,2.3548057112987442e-06,0.14704039554275283,0.14717614908277155
amazon,item_residual_only,NDCG@10,0.17872480451283168,0.00030334988549496686,3.0334988549496687e-05,0.17771454727121205,0.1794523759393099
amazon,item_residual_only,Hit@10,0.3762876666666667,0.0005852020093050979,5.852020093050979e-05,0.3744,0.3777333333333333
amazon,item_residual_only,MRR,0.1523499246790715,0.00023366532335671286,2.3366532335671285e-05,0.15166025595523003,0.15290285489990904
amazon,po_factor,NDCG@10,0.16617617472025895,2.8478229158147045e-05,2.8478229158147045e-06,0.16612002242757054,0.16628810138651035
amazon,po_factor,Hit@10,0.3466673333333333,5.1023200638204085e-05,5.102320063820409e-06,0.3465666666666667,0.3468
amazon,po_factor,MRR,0.145755710005876,2.343336694258892e-05,2.3433366942588922e-06,0.1457172224097383,0.14585297594975696
amazon,po_user,NDCG@10,0.16800753629919082,2.866278169607112e-05,2.866278169607112e-06,0.16795034415487356,0.16811842311381334
amazon,po_user,Hit@10,0.35113400000000006,5.1023200638207406e-05,5.102320063820741e-06,0.3510333333333333,0.35126666666666667
amazon,po_user,MRR,0.14660934939938527,2.354973801936157e-05,2.354973801936157e-06,0.1465695581707689,0.1467054505996765
