score,historical_score_name,policy,metric,historical_value,reconstructed_value,absolute_difference,status
raw_count,raw_count,stable_positive_first,mrr,0.7989632383357383,0.7989632383357383,0.0,PASS
raw_count,raw_count,stable_positive_first,recall@5,0.9476666666666667,0.9476666666666667,0.0,PASS
raw_count,raw_count,stable_positive_first,ndcg@5,0.82969368679372,0.82969368679372,0.0,PASS
raw_count,raw_count,stable_positive_first,recall@10,0.9996666666666667,0.9996666666666667,0.0,PASS
raw_count,raw_count,stable_positive_first,ndcg@10,0.847419307899178,0.847419307899178,0.0,PASS
raw_count,raw_count,stable_positive_first,recall@20,1.0,1.0,0.0,PASS
raw_count,raw_count,stable_positive_first,ndcg@20,0.8475119987213543,0.8475119987213543,0.0,PASS
raw_count,raw_count,archived_float32,mrr,0.14992103378458413,0.14992103378458413,0.0,PASS
raw_count,raw_count,archived_float32,recall@5,0.19493333333333332,0.19493333333333332,0.0,PASS
raw_count,raw_count,archived_float32,ndcg@5,0.11986748987765805,0.11986748987765805,0.0,PASS
raw_count,raw_count,archived_float32,recall@10,0.35263333333333335,0.35263333333333335,0.0,PASS
raw_count,raw_count,archived_float32,ndcg@10,0.17023696678473144,0.17023696678473144,0.0,PASS
raw_count,raw_count,archived_float32,recall@20,0.6693333333333333,0.6693333333333333,0.0,PASS
raw_count,raw_count,archived_float32,ndcg@20,0.24931071081924985,0.24931071081924985,0.0,PASS
centered_count,centered_count,stable_positive_first,mrr,0.6711642233710027,0.6711642233710027,0.0,PASS
centered_count,centered_count,stable_positive_first,recall@5,0.8044,0.8044,0.0,PASS
centered_count,centered_count,stable_positive_first,ndcg@5,0.6948406545753563,0.6948406545753563,0.0,PASS
centered_count,centered_count,stable_positive_first,recall@10,0.8499,0.8499,0.0,PASS
centered_count,centered_count,stable_positive_first,ndcg@10,0.7103487093153258,0.7103487093153258,0.0,PASS
centered_count,centered_count,stable_positive_first,recall@20,0.8502333333333333,0.8502333333333333,0.0,PASS
centered_count,centered_count,stable_positive_first,ndcg@20,0.7104414001375022,0.7104414001375022,0.0,PASS
centered_count,centered_count,archived_float32,mrr,0.14500201205777574,0.14500201205777574,0.0,PASS
centered_count,centered_count,archived_float32,recall@5,0.1854,0.1854,0.0,PASS
centered_count,centered_count,archived_float32,ndcg@5,0.11467184133946635,0.11467184133946635,0.0,PASS
centered_count,centered_count,archived_float32,recall@10,0.3356,0.3356,0.0,PASS
centered_count,centered_count,archived_float32,ndcg@10,0.1626593837179735,0.1626593837179735,0.0,PASS
centered_count,centered_count,archived_float32,recall@20,0.6315666666666667,0.6315666666666667,0.0,PASS
centered_count,centered_count,archived_float32,ndcg@20,0.23658191049780677,0.23658191049780677,0.0,PASS
residualized_group_control,po_group,stable_positive_first,mrr,0.1474590840435419,0.1474590840435419,0.0,PASS
residualized_group_control,po_group,stable_positive_first,recall@5,0.19233333333333333,0.19233333333333333,0.0,PASS
residualized_group_control,po_group,stable_positive_first,ndcg@5,0.11776295753994279,0.11776295753994279,0.0,PASS
residualized_group_control,po_group,stable_positive_first,recall@10,0.35186666666666666,0.35186666666666666,0.0,PASS
residualized_group_control,po_group,stable_positive_first,ndcg@10,0.16888403958295492,0.16888403958295492,0.0,PASS
residualized_group_control,po_group,stable_positive_first,recall@20,0.6378666666666667,0.6378666666666667,0.0,PASS
residualized_group_control,po_group,stable_positive_first,ndcg@20,0.24029529553410514,0.24029529553410514,0.0,PASS
residualized_group_control,po_group,archived_float32,mrr,0.14706932008823043,0.14706932008823043,0.0,PASS
residualized_group_control,po_group,archived_float32,recall@5,0.19196666666666667,0.19196666666666667,0.0,PASS
residualized_group_control,po_group,archived_float32,ndcg@5,0.11736295753994279,0.11736295753994279,0.0,PASS
residualized_group_control,po_group,archived_float32,recall@10,0.3515666666666667,0.3515666666666667,0.0,PASS
residualized_group_control,po_group,archived_float32,ndcg@10,0.1685051850272548,0.1685051850272548,0.0,PASS
residualized_group_control,po_group,archived_float32,recall@20,0.6376666666666667,0.6376666666666667,0.0,PASS
residualized_group_control,po_group,archived_float32,ndcg@20,0.23994007592713357,0.23994007592713357,0.0,PASS
item_residual_only,sre,stable_positive_first,mrr,0.1945385304505267,0.1945385304505267,0.0,PASS
item_residual_only,sre,stable_positive_first,recall@5,0.24466666666666667,0.24466666666666667,0.0,PASS
item_residual_only,sre,stable_positive_first,ndcg@5,0.16739302838950038,0.16739302838950038,0.0,PASS
item_residual_only,sre,stable_positive_first,recall@10,0.4090666666666667,0.4090666666666667,0.0,PASS
item_residual_only,sre,stable_positive_first,ndcg@10,0.2200889409080762,0.2200889409080762,0.0,PASS
item_residual_only,sre,stable_positive_first,recall@20,0.6873,0.6873,0.0,PASS
item_residual_only,sre,stable_positive_first,ndcg@20,0.289615888536942,0.289615888536942,0.0,PASS
item_residual_only,sre,archived_float32,mrr,0.1520849093392429,0.1520849093392429,0.0,PASS
item_residual_only,sre,archived_float32,recall@5,0.20343333333333333,0.20343333333333333,0.0,PASS
item_residual_only,sre,archived_float32,ndcg@5,0.12309314787848086,0.12309314787848086,0.0,PASS
item_residual_only,sre,archived_float32,recall@10,0.37633333333333335,0.37633333333333335,0.0,PASS
item_residual_only,sre,archived_float32,ndcg@10,0.17850688678551008,0.17850688678551008,0.0,PASS
item_residual_only,sre,archived_float32,recall@20,0.6709666666666667,0.6709666666666667,0.0,PASS
item_residual_only,sre,archived_float32,ndcg@20,0.25212632211241726,0.25212632211241726,0.0,PASS
po_factor,po_factor,stable_positive_first,mrr,0.1461331806161304,0.1461331806161304,0.0,PASS
po_factor,po_factor,stable_positive_first,recall@5,0.18866666666666668,0.18866666666666668,0.0,PASS
po_factor,po_factor,stable_positive_first,ndcg@5,0.11582078879883377,0.11582078879883377,0.0,PASS
po_factor,po_factor,stable_positive_first,recall@10,0.34696666666666665,0.34696666666666665,0.0,PASS
po_factor,po_factor,stable_positive_first,ndcg@10,0.16654768575283413,0.16654768575283413,0.0,PASS
po_factor,po_factor,stable_positive_first,recall@20,0.6341333333333333,0.6341333333333333,0.0,PASS
po_factor,po_factor,stable_positive_first,ndcg@20,0.23823677950388591,0.23823677950388591,0.0,PASS
po_factor,po_factor,archived_float32,mrr,0.1457434166608189,0.1457434166608189,0.0,PASS
po_factor,po_factor,archived_float32,recall@5,0.1883,0.1883,0.0,PASS
po_factor,po_factor,archived_float32,ndcg@5,0.11542078879883377,0.11542078879883377,0.0,PASS
po_factor,po_factor,archived_float32,recall@10,0.3466666666666667,0.3466666666666667,0.0,PASS
po_factor,po_factor,archived_float32,ndcg@10,0.16616883119713402,0.16616883119713402,0.0,PASS
po_factor,po_factor,archived_float32,recall@20,0.6339333333333333,0.6339333333333333,0.0,PASS
po_factor,po_factor,archived_float32,ndcg@20,0.2378815598969144,0.2378815598969144,0.0,PASS
po_user,po_user,stable_positive_first,mrr,0.14698838556044688,0.14698838556044688,0.0,PASS
po_user,po_user,stable_positive_first,recall@5,0.19173333333333334,0.19173333333333334,0.0,PASS
po_user,po_user,stable_positive_first,ndcg@5,0.11714297873232044,0.11714297873232044,0.0,PASS
po_user,po_user,stable_positive_first,recall@10,0.3514333333333333,0.3514333333333333,0.0,PASS
po_user,po_user,stable_positive_first,ndcg@10,0.16838031826153468,0.16838031826153468,0.0,PASS
po_user,po_user,stable_positive_first,recall@20,0.6388333333333334,0.6388333333333334,0.0,PASS
po_user,po_user,stable_positive_first,ndcg@20,0.24013049840764847,0.24013049840764847,0.0,PASS
po_user,po_user,archived_float32,mrr,0.14659862160513537,0.14659862160513537,0.0,PASS
po_user,po_user,archived_float32,recall@5,0.19136666666666666,0.19136666666666666,0.0,PASS
po_user,po_user,archived_float32,ndcg@5,0.11674297873232042,0.11674297873232042,0.0,PASS
po_user,po_user,archived_float32,recall@10,0.35113333333333335,0.35113333333333335,0.0,PASS
po_user,po_user,archived_float32,ndcg@10,0.16800146370583458,0.16800146370583458,0.0,PASS
po_user,po_user,archived_float32,recall@20,0.6386333333333334,0.6386333333333334,0.0,PASS
po_user,po_user,archived_float32,ndcg@20,0.23977527880067695,0.23977527880067695,0.0,PASS
